{"val_loss": [0.6562010153685466, 0.5822594169342872, 0.451439099972791, 0.32381303806116085, 0.37585219003186365, 0.3376816016022522, 0.41074373568638717, 0.25238240520552835, 0.35402552987089253, 0.8893381737246372, 0.27480677944598814, 0.46065450304805644, 0.2902815932094461, 0.5265641696382277, 0.21973830278557127, 0.2110804272170114, 0.546708887402374, 0.34040181495175503, 0.5340888174453584, 0.20843996700674, 0.43707140483478507, 0.3375898809126108, 0.1793661751074366, 0.35905778208138917, 0.3410338561133583, 0.26894583324394605, 0.31668556550941845, 0.37462210206702207, 0.38607097026145104, 0.315252823463761, 0.3524926565661289, 0.19914832717121236, 0.19040299552944628, 0.29291565096614386, 0.3262059028786008, 0.25436453974925644, 0.21494304083361485, 0.1769833313577836, 0.17058242631356904, 0.5479400549784745, 0.241930287397734, 0.3870666751767149, 0.22078901281451235, 0.2413540132860146, 0.35377660735999006, 0.29765062054785174, 0.25814384818077085, 0.16963527322110564, 0.37345719579422826, 0.2983261418814706], "val_category_output_loss": [0.42952202121810157, 0.38088601272885164, 0.3203498251367323, 0.27040747988342057, 0.2906464348335077, 0.2627625214581442, 0.36098685901944, 0.19371174585701215, 0.31103967136085625, 0.2056753749599551, 0.15047044863205145, 0.19968599647578628, 0.1566617975140562, 0.19000604160056256, 0.143196169692691, 0.15776569799031362, 0.1922171909620266, 0.20802325028004032, 0.4715492583737515, 0.15768299332939753, 0.19104865245004693, 0.29793779661159703, 0.14681543620801207, 0.2919033418861356, 0.16737557421668922, 0.19035621821732804, 0.19229623647314487, 0.2883670831375783, 0.15159556125060167, 0.17619462165206967, 0.16384583819325607, 0.14931916969247383, 0.1436332373852187, 0.2282291463401058, 0.2484082624611288, 0.12645880838782333, 0.09812497225230431, 0.14055871336840758, 0.1250479675386802, 0.1261477061538118, 0.18956035395512486, 0.3499231234045312, 0.13774535049232517, 0.16074423333353335, 0.29029804291111405, 0.2421752783073352, 0.19501363825384932, 0.12945245231713842, 0.1562575760657097, 0.1503001336349488], "val_color_output_loss": [0.226678993088184, 0.2013734088970883, 0.13108927030669582, 0.053405558354783764, 0.085205754399816, 0.0749190794174919, 0.049756873280990245, 0.05867065624287813, 0.04298586044783271, 0.6836627950762758, 0.12433633211409986, 0.26096850686734263, 0.13361979427166504, 0.3365581372586807, 0.0765421310232233, 0.053314729847502663, 0.35449169791570984, 0.1323785679101354, 0.06253955628997232, 0.05075697356553767, 0.24602275390436154, 0.03965208216312129, 0.03255073770484195, 0.06715444036492027, 0.17365828596129276, 0.07858961894370542, 0.12438933164766519, 0.08625501411238519, 0.23447540644371864, 0.13905819965766208, 0.18864681971545266, 0.04982915839023593, 0.04676975789387701, 0.06468650289156502, 0.07779764048386328, 0.1279057335883084, 0.11681806974776901, 0.03642461807017519, 0.04553445907998922, 0.42179234830459744, 0.05236993415735312, 0.037143552339160904, 0.0830436634517616, 0.08060977706906966, 0.06347856761064694, 0.055475345193085696, 0.06313020887388156, 0.04018282404363658, 0.21719961361498527, 0.14802600795974827], "val_category_output_acc": [0.8851485156776882, 0.899009900754041, 0.9247524750114667, 0.9346534661727377, 0.9306930701331337, 0.9287128702248677, 0.900990098773843, 0.9564356425020955, 0.893069306694635, 0.9366336623040756, 0.9584158424103614, 0.9485148523113515, 0.9564356443905594, 0.9584158424103614, 0.9603960404301634, 0.9584158405218974, 0.9544554463707574, 0.9465346542915495, 0.9287128721133318, 0.9702970305291733, 0.9564356425020955, 0.9445544562717475, 0.9702970286407093, 0.9326732673267327, 0.9564356435643564, 0.9663366326011054, 0.9584158405218974, 0.9366336623040756, 0.9544554444822935, 0.9544554444822935, 0.9603960385416994, 0.9623762384499653, 0.9663366326011054, 0.9485148504228875, 0.9445544562717475, 0.9683168316831683, 0.9782178207199173, 0.9643564364697673, 0.9643564356435643, 0.9742574246803133, 0.9544554455445544, 0.9386138603238776, 0.9643564364697673, 0.9722772266605113, 0.9287128710510707, 0.9643564364697673, 0.9603960385416994, 0.9683168306209073, 0.9603960385416994, 0.9683168306209073], "val_color_output_acc": [0.9108910899351139, 0.9346534661727377, 0.9524752464624915, 0.9841584158415841, 0.9782178217821782, 0.9683168316831683, 0.9841584158415841, 0.9762376237623762, 0.9861386138613861, 0.8534653460625374, 0.9762376237623762, 0.9386138603238776, 0.9762376237623762, 0.9346534651104766, 0.9782178217821782, 0.9821782178217822, 0.9326732670906747, 0.9683168316831683, 0.9782178217821782, 0.9900990099009901, 0.9049504948134469, 0.9881188118811881, 0.9920792079207921, 0.9821782178217822, 0.9425742582519455, 0.9702970286407093, 0.9623762384499653, 0.9702970297029703, 0.9148514859747179, 0.9683168306209073, 0.9623762365615014, 0.9821782178217822, 0.9861386138613861, 0.9782178217821782, 0.9762376237623762, 0.9782178207199173, 0.9683168306209073, 0.9841584158415841, 0.9861386138613861, 0.9386138622123417, 0.9861386138613861, 0.9841584158415841, 0.9801980198019802, 0.9742574257425742, 0.9782178217821782, 0.9821782178217822, 0.9801980198019802, 0.9841584158415841, 0.9366336633663367, 0.9584158405218974], "loss": [0.9918290698339068, 0.4158327368989823, 0.3151853790595418, 0.25909253115218783, 0.22044343998034796, 0.21978594445519978, 0.20427092679199718, 0.1792327577603005, 0.12189396074603474, 0.1160119010342492, 0.11758076618351633, 0.08483568302518318, 0.07942064912132328, 0.10445642104697606, 0.07515533447324757, 0.05551192627495362, 0.05565343409155806, 0.0427076366789166, 0.04595313759313689, 0.042949633240433674, 0.049867764307511234, 0.0664238379935601, 0.045367362417487636, 0.0412532565191329, 0.047598224961095385, 0.0347233381037349, 0.04112054617421347, 0.06631196063337108, 0.05325881253543591, 0.05304134581311946, 0.04330960539583531, 0.034600205726862426, 0.026502171167290756, 0.03959230804401967, 0.044969410092259444, 0.02908905279186983, 0.030530877780937958, 0.031990921047205724, 0.024786411502790297, 0.03359707746292568, 0.039259717870865844, 0.024095389381742164, 0.03423749153790552, 0.04117899597622454, 0.022876782070231874, 0.02327195051244445, 0.011266496088836224, 0.019872014930043074, 0.021147690943926423, 0.03340244904809099], "category_output_loss": [0.606029287690208, 0.29986262634869604, 0.21456801368012315, 0.18242372968603696, 0.16611368806352692, 0.14728080073282832, 0.13188876406777472, 0.13405933269550876, 0.07010654052571645, 0.07493778010682454, 0.0647900888829359, 0.046430688639659254, 0.04403718211503315, 0.06666671556036269, 0.037012985390093595, 0.03354141948327038, 0.018016562376740493, 0.019871382987023227, 0.01669372693775961, 0.0162176667871545, 0.023400098241547804, 0.028716168930894504, 0.012746541771949046, 0.01341649956549869, 0.013808423904554239, 0.008117469869108707, 0.024999788205605, 0.041166578441680896, 0.023249047465570685, 0.02322274556527624, 0.023257336901253207, 0.02309019088288695, 0.013214783417338151, 0.018663171050508343, 0.01991592243587273, 0.01079036761791305, 0.007676171473114722, 0.013086463024678995, 0.011273333612027474, 0.009917190959510793, 0.01234396519407349, 0.011843734044911495, 0.02032613150298684, 0.02060152227308468, 0.013217739849226615, 0.01551899454456621, 0.0048050362513297135, 0.01008475153075923, 0.00924065314341403, 0.007074906535900294],